Workbook

Sheet Start Here
A1: ConnectaSat · Pre-Season Connectivity Checklist
A2: Audit your setup across all three resilience layers before hurricane season.
B4: How to use this workbook
B5: Work through each tab. For every item, set the Status using the dropdown: Not Started, In Progress, Complete, or N/A.
B6: Mark an item N/A to exclude it from your score. Use the Priority dropdown to triage. Add an Owner and Notes as you go.
B7: Progress updates automatically. The table below rolls up every tab so you can see overall readiness at a glance.
B9: OVERALL READINESS | D9: =IFERROR(E20/D20,0) -> 0
B11: Section | C11: Items | D11: Applicable | E11: Complete | F11: % Complete
B12: Infrastructure Dependency Mapping | C12: 10 | D12: ='1. Dependency Mapping'!$F$3 -> 10 | E12: =COUNTIF('1. Dependency Mapping'!$F$6:$F$15,"Complete") -> 0 | F12: =IFERROR(E12/D12,0) -> 0
B13: Layer 1 | C13: 8 | D13: ='2. Layer 1 Primary'!$F$3 -> 8 | E13: =COUNTIF('2. Layer 1 Primary'!$F$6:$F$13,"Complete") -> 0 | F13: =IFERROR(E13/D13,0) -> 0
B14: Layer 2 | C14: 12 | D14: ='3. Layer 2 Sat Failover'!$F$3 -> 12 | E14: =COUNTIF('3. Layer 2 Sat Failover'!$F$6:$F$17,"Complete") -> 0 | F14: =IFERROR(E14/D14,0) -> 0
B15: Layer 3 | C15: 10 | D15: ='4. Layer 3 Portable Kit'!$F$3 -> 10 | E15: =COUNTIF('4. Layer 3 Portable Kit'!$F$6:$F$15,"Complete") -> 0 | F15: =IFERROR(E15/D15,0) -> 0
B16: Power & Fuel Readiness | C16: 8 | D16: ='5. Power & Fuel'!$F$3 -> 8 | E16: =COUNTIF('5. Power & Fuel'!$F$6:$F$13,"Complete") -> 0 | F16: =IFERROR(E16/D16,0) -> 0
B17: Site Risk Ranking | C17: 8 | D17: ='6. Site Risk Ranking'!$F$3 -> 8 | E17: =COUNTIF('6. Site Risk Ranking'!$F$6:$F$13,"Complete") -> 0 | F17: =IFERROR(E17/D17,0) -> 0
B18: Team, Runbook & Documentation | C18: 10 | D18: ='7. Team & Runbook'!$F$3 -> 10 | E18: =COUNTIF('7. Team & Runbook'!$F$6:$F$15,"Complete") -> 0 | F18: =IFERROR(E18/D18,0) -> 0
B19: Pre-Season Final Verification & Drill | C19: 8 | D19: ='8. Final Verification'!$F$3 -> 8 | E19: =COUNTIF('8. Final Verification'!$F$6:$F$13,"Complete") -> 0 | F19: =IFERROR(E19/D19,0) -> 0
B20: TOTAL | C20: =SUM(C12:C19) -> 74 | D20: =SUM(D12:D19) -> 74 | E20: =SUM(E12:E19) -> 0 | F20: =IFERROR(E20/D20,0) -> 0
B22: Status legend
B23: Complete | C23: Done and verified
B24: In Progress | C24: Started, not finished
B25: Not Started | C25: Not yet begun
B26: N/A | C26: Does not apply to you
B28: Found gaps you cannot close on your own? Book a Free Connectivity Risk Assessment with ConnectaSat.

Sheet 1. Dependency Mapping
A1: ConnectaSat · Infrastructure Dependency Mapping
A2: Find out what your “redundancy” actually shares. A backup that rides the same trench, carrier, or grid is one layer wearing a disguise.
A3: Set each item's Status. Mark N/A to exclude it. Progress updates automatically. | E3: Applicable: | F3: =COUNTA(C6:C15)-COUNTIF(F6:F15,"N/A") -> 10 | G3: % Complete: | H3: =IFERROR(COUNTIF(F6:F15,"Complete")/F3,0) -> 0
A5: ✓ | B5: # | C5: Checklist Item | D5: Why It Matters | E5: Priority | F5: Status | G5: Owner | H5: Notes
A6: =IF($F6="Complete","✓","") | B6: 1 | C6: Document every internet path serving each site (primary, secondary, cellular). | D6: You cannot protect a dependency you have not written down. | E6: Critical | F6: Not Started
A7: =IF($F7="Complete","✓","") | B7: 2 | C7: Trace each path to its physical entry point (trench, conduit, building entry). | D7: Shared entry points fail together. | E7: Critical | F7: Not Started
A8: =IF($F8="Complete","✓","") | B8: 3 | C8: Confirm whether primary and backup share the same trench or duct. | D8: One backhoe or flood can sever both. | E8: Critical | F8: Not Started
A9: =IF($F9="Complete","✓","") | B9: 4 | C9: Confirm whether primary and backup ride the same carrier regional facility. | D9: A single flooded hub can drop both circuits. | E9: Critical | F9: Not Started
A10: =IF($F10="Complete","✓","") | B10: 5 | C10: Identify the central office or aggregation hub each circuit depends on. | D10: Hub damage darkens whole metros. | E10: High | F10: Not Started
A11: =IF($F11="Complete","✓","") | B11: 6 | C11: Map which circuits share the same last-mile cable run. | D11: Last-mile damage is the most common outage cause. | E11: High | F11: Not Started
A12: =IF($F12="Complete","✓","") | B12: 7 | C12: Verify cellular failover does not backhaul through the same fiber as primary. | D12: Cellular often shares the fiber it is meant to back up. | E12: High | F12: Not Started
A13: =IF($F13="Complete","✓","") | B13: 8 | C13: Record the power grid feed each connectivity component depends on. | D13: No power means no link, regardless of cable health. | E13: High | F13: Not Started
A14: =IF($F14="Complete","✓","") | B14: 9 | C14: Flag any backup that shares a trench, carrier, or grid with the primary. | D14: These are duplication, not redundancy. | E14: Critical | F14: Not Started
A15: =IF($F15="Complete","✓","") | B15: 10 | C15: Produce a one-page physical dependency map per critical site. | D15: A clear map is what the Risk Assessment verifies against. | E15: Medium | F15: Not Started

Sheet 2. Layer 1 Primary
A1: ConnectaSat · Layer 1 — Primary Connection Health
A2: Your everyday connection. Fast and cost-efficient, but it shares the ground the storm travels. Know its limits before you lean on it.
A3: Set each item's Status. Mark N/A to exclude it. Progress updates automatically. | E3: Applicable: | F3: =COUNTA(C6:C13)-COUNTIF(F6:F13,"N/A") -> 8 | G3: % Complete: | H3: =IFERROR(COUNTIF(F6:F13,"Complete")/F3,0) -> 0
A5: ✓ | B5: # | C5: Checklist Item | D5: Why It Matters | E5: Priority | F5: Status | G5: Owner | H5: Notes
A6: =IF($F6="Complete","✓","") | B6: 1 | C6: Confirm contracted bandwidth matches current peak usage. | D6: Undersized links fail under recovery-day load. | E6: Medium | F6: Not Started
A7: =IF($F7="Complete","✓","") | B7: 2 | C7: Record the SLA and guaranteed restoration time from each ISP. | D7: Restoration promises rarely hold after a major storm. | E7: High | F7: Not Started
A8: =IF($F8="Complete","✓","") | B8: 3 | C8: Identify the demarcation point and who owns it. | D8: Ownership decides who can fix what, and when. | E8: Medium | F8: Not Started
A9: =IF($F9="Complete","✓","") | B9: 4 | C9: Test how a primary drop is detected (the failover trigger). | D9: Undetected drops never trigger failover. | E9: Critical | F9: Not Started
A10: =IF($F10="Complete","✓","") | B10: 5 | C10: Confirm router and firewall firmware is current and supported. | D10: Unsupported gear fails at the worst moment. | E10: Medium | F10: Not Started
A11: =IF($F11="Complete","✓","") | B11: 6 | C11: Document static IPs, routing, and DNS dependencies. | D11: Hidden dependencies break failover silently. | E11: High | F11: Not Started
A12: =IF($F12="Complete","✓","") | B12: 7 | C12: Verify monitoring alerts on degradation, not just full failure. | D12: Brownouts hurt before the link fully dies. | E12: High | F12: Not Started
A13: =IF($F13="Complete","✓","") | B13: 8 | C13: Identify any single router or switch that is itself a point of failure. | D13: One dead box can sink an otherwise sound design. | E13: Critical | F13: Not Started

Sheet 3. Layer 2 Sat Failover
A1: ConnectaSat · Layer 2 — Automatic Satellite Failover
A2: An independent path that activates in seconds when Layer 1 drops, running above the weather. This is the layer that keeps the business running.
A3: Set each item's Status. Mark N/A to exclude it. Progress updates automatically. | E3: Applicable: | F3: =COUNTA(C6:C17)-COUNTIF(F6:F17,"N/A") -> 12 | G3: % Complete: | H3: =IFERROR(COUNTIF(F6:F17,"Complete")/F3,0) -> 0
A5: ✓ | B5: # | C5: Checklist Item | D5: Why It Matters | E5: Priority | F5: Status | G5: Owner | H5: Notes
A6: =IF($F6="Complete","✓","") | B6: 1 | C6: Confirm a satellite terminal is installed and provisioned at each critical site. | D6: Provisioning after landfall is too late. | E6: Critical | F6: Not Started
A7: =IF($F7="Complete","✓","") | B7: 2 | C7: Verify the terminal has a clear, unobstructed sky view. | D7: Obstruction is the most common cause of a dead terminal. | E7: Critical | F7: Not Started
A8: =IF($F8="Complete","✓","") | B8: 3 | C8: Confirm the satellite path uses infrastructure independent of the primary. | D8: Shared dependency defeats the entire point. | E8: Critical | F8: Not Started
A9: =IF($F9="Complete","✓","") | B9: 4 | C9: Validate SD-WAN or bonding hardware is configured for automatic failover. | D9: Manual failover does not happen mid-crisis. | E9: Critical | F9: Not Started
A10: =IF($F10="Complete","✓","") | B10: 5 | C10: Set and document failover trigger thresholds (latency, loss, downtime). | D10: Wrong thresholds cause flapping or missed failover. | E10: High | F10: Not Started
A11: =IF($F11="Complete","✓","") | B11: 6 | C11: Test that failover happens automatically with no manual step. | D11: If it needs a human, it will not happen in time. | E11: Critical | F11: Not Started
A12: =IF($F12="Complete","✓","") | B12: 7 | C12: Measure actual failover switch time and record it. | D12: You cannot improve a number you have not measured. | E12: High | F12: Not Started
A13: =IF($F13="Complete","✓","") | B13: 8 | C13: Confirm critical applications stay connected through a simulated outage. | D13: A link that is up but apps that drop is still an outage. | E13: Critical | F13: Not Started
A14: =IF($F14="Complete","✓","") | B14: 9 | C14: Verify failback to primary is automatic and clean once it recovers. | D14: Messy failback creates a second outage. | E14: Medium | F14: Not Started
A15: =IF($F15="Complete","✓","") | B15: 10 | C15: Confirm the satellite data allowance covers must-run workloads. | D15: Running out mid-storm is a self-inflicted outage. | E15: High | F15: Not Started
A16: =IF($F16="Complete","✓","") | B16: 11 | C16: Mount and secure the terminal to survive hurricane-force wind. | D16: A terminal that blows away protects nothing. | E16: High | F16: Not Started
A17: =IF($F17="Complete","✓","") | B17: 12 | C17: Document the terminal power source and battery or UPS backup. | D17: No power, no satellite, no failover. | E17: High | F17: Not Started

Sheet 4. Layer 3 Portable Kit
A1: ConnectaSat · Layer 3 — Portable Survivable Link & Kit Pre-Positioning
A2: A compact terminal pre-positioned on-site, live in minutes. Not full operations, but command and coordination when every other layer has failed.
A3: Set each item's Status. Mark N/A to exclude it. Progress updates automatically. | E3: Applicable: | F3: =COUNTA(C6:C15)-COUNTIF(F6:F15,"N/A") -> 10 | G3: % Complete: | H3: =IFERROR(COUNTIF(F6:F15,"Complete")/F3,0) -> 0
A5: ✓ | B5: # | C5: Checklist Item | D5: Why It Matters | E5: Priority | F5: Status | G5: Owner | H5: Notes
A6: =IF($F6="Complete","✓","") | B6: 1 | C6: Inventory all portable satellite terminals and their assigned sites. | D6: Unassigned kits help no one. | E6: High | F6: Not Started
A7: =IF($F7="Complete","✓","") | B7: 2 | C7: Confirm each kit is charged and powers on. | D7: A dead battery is a dead kit. | E7: High | F7: Not Started
A8: =IF($F8="Complete","✓","") | B8: 3 | C8: Verify each kit reaches the satellite from its staging location. | D8: Test the link before you depend on it. | E8: Critical | F8: Not Started
A9: =IF($F9="Complete","✓","") | B9: 4 | C9: Pre-position kits on-site before the season, not in a warehouse. | D9: A kit across town during a storm is unreachable. | E9: Critical | F9: Not Started
A10: =IF($F10="Complete","✓","") | B10: 5 | C10: Store kits in a waterproof, secure, accessible case. | D10: Flooded or locked-away gear cannot deploy. | E10: High | F10: Not Started
A11: =IF($F11="Complete","✓","") | B11: 6 | C11: Include cabling, adapters, and mounts in each kit. | D11: A missing cable strands the whole kit. | E11: Medium | F11: Not Started
A12: =IF($F12="Complete","✓","") | B12: 7 | C12: Label each kit with quick-start instructions. | D12: Stress is no time to learn the setup. | E12: Medium | F12: Not Started
A13: =IF($F13="Complete","✓","") | B13: 8 | C13: Assign a named owner responsible for each portable kit. | D13: Shared ownership becomes no ownership. | E13: Medium | F13: Not Started
A14: =IF($F14="Complete","✓","") | B14: 9 | C14: Confirm at least one kit per emergency operations or command location. | D14: Command must stay connected to coordinate. | E14: High | F14: Not Started
A15: =IF($F15="Complete","✓","") | B15: 10 | C15: Test setup time from case to live link and record the target. | D15: Know how fast you can be back online. | E15: Medium | F15: Not Started

Sheet 5. Power & Fuel
A1: ConnectaSat · Power & Fuel Readiness
A2: Power fails first in almost every storm. Connectivity depends on electricity, so a power plan is a connectivity plan.
A3: Set each item's Status. Mark N/A to exclude it. Progress updates automatically. | E3: Applicable: | F3: =COUNTA(C6:C13)-COUNTIF(F6:F13,"N/A") -> 8 | G3: % Complete: | H3: =IFERROR(COUNTIF(F6:F13,"Complete")/F3,0) -> 0
A5: ✓ | B5: # | C5: Checklist Item | D5: Why It Matters | E5: Priority | F5: Status | G5: Owner | H5: Notes
A6: =IF($F6="Complete","✓","") | B6: 1 | C6: Record backup power runtime for each connectivity component. | D6: Runtime defines how long you stay online. | E6: Critical | F6: Not Started
A7: =IF($F7="Complete","✓","") | B7: 2 | C7: Confirm UPS batteries are tested and within service life. | D7: Aged batteries fail under real load. | E7: High | F7: Not Started
A8: =IF($F8="Complete","✓","") | B8: 3 | C8: Confirm generators start and carry the comms load. | D8: A generator that will not start is decoration. | E8: High | F8: Not Started
A9: =IF($F9="Complete","✓","") | B9: 4 | C9: Document fuel on hand and the refueling source. | D9: Generators are only as good as their fuel supply. | E9: High | F9: Not Started
A10: =IF($F10="Complete","✓","") | B10: 5 | C10: Establish a refueling plan that survives blocked roads. | D10: Fuel logistics break down exactly when needed. | E10: Critical | F10: Not Started
A11: =IF($F11="Complete","✓","") | B11: 6 | C11: Verify the satellite terminal stays powered when the grid is gone. | D11: The survivable layer must survive the power loss. | E11: Critical | F11: Not Started
A12: =IF($F12="Complete","✓","") | B12: 7 | C12: Confirm network gear is on protected power. | D12: Routers and switches on raw mains drop with the grid. | E12: High | F12: Not Started
A13: =IF($F13="Complete","✓","") | B13: 8 | C13: Identify how long the full stack runs on backup before failure. | D13: One weak link sets the true runtime. | E13: High | F13: Not Started

Sheet 6. Site Risk Ranking
A1: ConnectaSat · Site Risk Ranking
A2: Not every site carries equal risk or equal cost when it drops. Rank exposure and criticality so you protect the right sites first.
A3: Set each item's Status. Mark N/A to exclude it. Progress updates automatically. | E3: Applicable: | F3: =COUNTA(C6:C13)-COUNTIF(F6:F13,"N/A") -> 8 | G3: % Complete: | H3: =IFERROR(COUNTIF(F6:F13,"Complete")/F3,0) -> 0
A5: ✓ | B5: # | C5: Checklist Item | D5: Why It Matters | E5: Priority | F5: Status | G5: Owner | H5: Notes
A6: =IF($F6="Complete","✓","") | B6: 1 | C6: List all sites and tag those in surge, flood, or wind-exposed zones. | D6: Exposure drives priority. | E6: High | F6: Not Started
A7: =IF($F7="Complete","✓","") | B7: 2 | C7: Rank each site by operational impact if it goes offline. | D7: Criticality drives priority alongside exposure. | E7: High | F7: Not Started
A8: =IF($F8="Complete","✓","") | B8: 3 | C8: Score each site current connectivity independence (true layers). | D8: Find the sites with hidden single points of failure. | E8: Critical | F8: Not Started
A9: =IF($F9="Complete","✓","") | B9: 4 | C9: Identify which sites have no independent failover today. | D9: These are your highest-risk gaps. | E9: Critical | F9: Not Started
A10: =IF($F10="Complete","✓","") | B10: 5 | C10: Prioritize satellite deployment to highest-exposure, highest-impact sites first. | D10: Spend the budget where it removes the most risk. | E10: High | F10: Not Started
A11: =IF($F11="Complete","✓","") | B11: 6 | C11: Record evacuation or unmanned-operation plans per site. | D11: Some sites must run with no one present. | E11: Medium | F11: Not Started
A12: =IF($F12="Complete","✓","") | B12: 7 | C12: Note which sites must run autonomously with no on-site staff. | D12: Autonomy demands automatic, no-human failover. | E12: High | F12: Not Started
A13: =IF($F13="Complete","✓","") | B13: 8 | C13: Set a target resilience posture for each site before season start. | D13: A target makes readiness measurable. | E13: Medium | F13: Not Started

Sheet 7. Team & Runbook
A1: ConnectaSat · Team, Runbook & Documentation
A2: When the network goes, the work goes with it. A clear runbook and a prepared team turn a crisis into a procedure.
A3: Set each item's Status. Mark N/A to exclude it. Progress updates automatically. | E3: Applicable: | F3: =COUNTA(C6:C15)-COUNTIF(F6:F15,"N/A") -> 10 | G3: % Complete: | H3: =IFERROR(COUNTIF(F6:F15,"Complete")/F3,0) -> 0
A5: ✓ | B5: # | C5: Checklist Item | D5: Why It Matters | E5: Priority | F5: Status | G5: Owner | H5: Notes
A6: =IF($F6="Complete","✓","") | B6: 1 | C6: Write a one-page outage runbook per critical site. | D6: Short and clear beats long and unread. | E6: High | F6: Not Started
A7: =IF($F7="Complete","✓","") | B7: 2 | C7: Define who declares an outage and who owns the response. | D7: Unclear ownership wastes the first critical hour. | E7: High | F7: Not Started
A8: =IF($F8="Complete","✓","") | B8: 3 | C8: Document the manual steps if automatic failover does not trigger. | D8: A plan B prevents a full stop. | E8: High | F8: Not Started
A9: =IF($F9="Complete","✓","") | B9: 4 | C9: Maintain a current contact tree for ISP, satellite, and internal leads. | D9: Stale contacts cost time you do not have. | E9: Medium | F9: Not Started
A10: =IF($F10="Complete","✓","") | B10: 5 | C10: Store the runbook somewhere reachable without the primary network. | D10: A runbook you cannot open is useless. | E10: Critical | F10: Not Started
A11: =IF($F11="Complete","✓","") | B11: 6 | C11: Confirm leadership can communicate independent of terrestrial networks. | D11: Decisions stall when leaders go dark. | E11: High | F11: Not Started
A12: =IF($F12="Complete","✓","") | B12: 7 | C12: Record account numbers, support lines, and escalation paths offline. | D12: Support is slow when you cannot prove who you are. | E12: Medium | F12: Not Started
A13: =IF($F13="Complete","✓","") | B13: 8 | C13: Brief on-site staff on portable kit setup. | D13: Trained hands deploy faster. | E13: Medium | F13: Not Started
A14: =IF($F14="Complete","✓","") | B14: 9 | C14: Schedule a pre-season tabletop walkthrough of the runbook. | D14: Walkthroughs surface gaps before the storm does. | E14: High | F14: Not Started
A15: =IF($F15="Complete","✓","") | B15: 10 | C15: Assign a single owner for keeping this checklist current. | D15: An unowned checklist goes stale. | E15: Medium | F15: Not Started

Sheet 8. Final Verification
A1: ConnectaSat · Pre-Season Final Verification & Drill
A2: Prove it works before the season starts. An untested failover is a hope, not a plan.
A3: Set each item's Status. Mark N/A to exclude it. Progress updates automatically. | E3: Applicable: | F3: =COUNTA(C6:C13)-COUNTIF(F6:F13,"N/A") -> 8 | G3: % Complete: | H3: =IFERROR(COUNTIF(F6:F13,"Complete")/F3,0) -> 0
A5: ✓ | B5: # | C5: Checklist Item | D5: Why It Matters | E5: Priority | F5: Status | G5: Owner | H5: Notes
A6: =IF($F6="Complete","✓","") | B6: 1 | C6: Run a full failover drill: cut the primary and confirm satellite carries the work. | D6: The only real proof is a live test. | E6: Critical | F6: Not Started
A7: =IF($F7="Complete","✓","") | B7: 2 | C7: Confirm every critical app survives the drill. | D7: Connectivity without working apps is not survival. | E7: Critical | F7: Not Started
A8: =IF($F8="Complete","✓","") | B8: 3 | C8: Time the end-to-end switch and compare to target. | D8: Measure it under realistic conditions. | E8: High | F8: Not Started
A9: =IF($F9="Complete","✓","") | B9: 4 | C9: Verify monitoring alerted the right people during the drill. | D9: Silent failover is hard to trust or manage. | E9: Medium | F9: Not Started
A10: =IF($F10="Complete","✓","") | B10: 5 | C10: Confirm failback completed cleanly after the drill. | D10: Clean recovery matters as much as failover. | E10: Medium | F10: Not Started
A11: =IF($F11="Complete","✓","") | B11: 6 | C11: Resolve every issue found in the drill before season start. | D11: A known issue left open will resurface mid-storm. | E11: Critical | F11: Not Started
A12: =IF($F12="Complete","✓","") | B12: 7 | C12: Re-confirm all terminals have power, mounting, and sky view. | D12: Conditions drift between install and season. | E12: High | F12: Not Started
A13: =IF($F13="Complete","✓","") | B13: 8 | C13: Sign off: each critical site has independent, automatic, tested resilience. | D13: One owner signs that the site is truly ready. | E13: High | F13: Not Started
